<?xml version="1.0"?>
<!--<!DOCTYPE metadata SYSTEM "http://www.esri.com/metadata/esriprof80.dtd">-->
<metadata xml:lang="en"><Esri><CreaDate>20110403</CreaDate><CreaTime>20010300</CreaTime><SyncOnce>TRUE</SyncOnce><MetaID>{E1128331-2CD7-4F3D-B41A-EE084C428F84}</MetaID></Esri><idinfo><citation><citeinfo><onlink Sync="TRUE">\\Udrive\crame1dr$\newlab10\Lab10\ISABELLA_drg24k.tif</onlink></citeinfo></citation></idinfo><distInfo><distributor><distorTran><onLineSrc><linkage Sync="TRUE">file://\\Udrive\crame1dr$\newlab10\Lab10\ISABELLA_drg24k.tif</linkage><protocol Sync="TRUE">Local Area Network</protocol></onLineSrc></distorTran></distributor></distInfo><dataqual><lineage><procstep><procdesc Sync="TRUE">Dataset copied.</procdesc><srcused Sync="TRUE">U:\LabsSP11\5\ISABELLA_drg24k.tif</srcused><procdate Sync="TRUE">20110403</procdate><proctime Sync="TRUE">20010300</proctime></procstep></lineage></dataqual></metadata>
