<?xml version="1.0"?>
<!--<!DOCTYPE metadata SYSTEM "http://www.esri.com/metadata/esriprof80.dtd">-->
<metadata xml:lang="en"><Esri><CreaDate>20050602</CreaDate><CreaTime>16030400</CreaTime><SyncOnce>TRUE</SyncOnce><MetaID>{9FD077B6-DE1A-46F3-BF40-8A15A480DE41}</MetaID></Esri><idinfo><citation><citeinfo><onlink Sync="TRUE">\\GEO-DW236A-PC01\DATA\courses\geo303\westmoreland\cd\lab8\Isabella_nlcd_1992</onlink></citeinfo></citation></idinfo><distInfo><distributor><distorTran><onLineSrc><linkage Sync="TRUE">file://\\GEO-DW236A-PC01\DATA\courses\geo303\westmoreland\cd\lab8\Isabella_nlcd_1992</linkage><protocol Sync="TRUE">Local Area Network</protocol></onLineSrc></distorTran></distributor></distInfo><dataqual><lineage><procstep><procdesc Sync="TRUE">Dataset copied.</procdesc><srcused Sync="TRUE">H:\g303\DRG\Isabella\Isabella_nlcd_1992</srcused><date Sync="TRUE">20041031</date><time Sync="TRUE">18305300</time></procstep><procstep><procdesc Sync="TRUE">Dataset copied.</procdesc><srcused Sync="TRUE">K:\Courses\GEO303\Westmoreland\Lab8\Isabella_nlcd_1992</srcused><date Sync="TRUE">20050602</date><time Sync="TRUE">16030400</time></procstep></lineage></dataqual></metadata>
