<?xml version="1.0"?>
<!--<!DOCTYPE metadata SYSTEM "http://www.esri.com/metadata/esriprof80.dtd">-->
<metadata xml:lang="en"><Esri><CreaDate>20050602</CreaDate><CreaTime>15474600</CreaTime><SyncOnce>TRUE</SyncOnce><MetaID>{58BA1960-7083-49BE-954A-638BD8F5955D}</MetaID></Esri><idinfo><citation><citeinfo><onlink Sync="TRUE">\\GEO-DW236A-PC01\DATA\Courses\GEO303\Westmoreland\CD\Lab4\dem</onlink></citeinfo></citation></idinfo><distInfo><distributor><distorTran><onLineSrc><linkage Sync="TRUE">file://\\GEO-DW236A-PC01\DATA\Courses\GEO303\Westmoreland\CD\Lab4\dem</linkage><protocol Sync="TRUE">Local Area Network</protocol></onLineSrc></distorTran></distributor></distInfo><dataqual><lineage><procstep><procdesc Sync="TRUE">Dataset copied.</procdesc><srcused Sync="TRUE">H:\g303\DRG\Isabella\county\isabella\topography\dem</srcused><date Sync="TRUE">20050207</date><time Sync="TRUE">11242200</time></procstep><procstep><procdesc Sync="TRUE">Dataset copied.</procdesc><srcused Sync="TRUE">K:\Courses\GEO303\Westmoreland\Lab4\dem</srcused><date Sync="TRUE">20050602</date><time Sync="TRUE">15474600</time></procstep></lineage></dataqual></metadata>
