<?xml version="1.0" encoding="UTF-8"?>
<metadata xml:lang="en"><Esri><CreaDate>20240728</CreaDate><CreaTime>21275300</CreaTime><ArcGISFormat>1.0</ArcGISFormat><SyncOnce>TRUE</SyncOnce><DataProperties><lineage><Process ToolSource="c:\program files (x86)\arcgis\desktop10.8\ArcToolbox\Toolboxes\Spatial Analyst Tools.tbx\Reclassify" Date="20240728" Time="212753">Reclassify lu_raster VALUE "111 3;112 3;171 3;210 4;223 4;411 5;412 5;422 5;432 5;520 1;530 1;611 2;613 2;621 2" C:\Buggargani_Lab7\Lab7\lu_reclass DATA</Process></lineage></DataProperties></Esri></metadata>
